algoritmo	kitdecaptura	preprocesado	muestra	gold_standard	Precision	Recall	Fscore	QueryTpCount	QueryFpCount	QueryTotalCount	TruthTpCount	TruthFnCount	TruthTotalCount
exomedepth	IDT-V2	bowtie2-picard-gatk3	Réplica 4	general	0.023454157782515993	0.0373675404350251	0.02881945802213272	11	458	469	67	1726	1793
exomedepth	IDT-V2	bowtie2-picard-gatk3	Réplica 4	pass	0.010660980810234541	0.10861423220973783	0.019416175682913765	5	464	469	29	238	267
exomedepth	IDT-V2	bowtie2-picard-gatk3	Réplica 3	general	0.07386363636363637	0.03792526491912995	0.05011764038892196	13	163	176	68	1725	1793
exomedepth	IDT-V2	bowtie2-picard-gatk3	Réplica 3	pass	0.03409090909090909	0.09737827715355805	0.05050178051149239	6	170	176	26	241	267
exomedepth	IDT-V2	bowtie2-samtools-gatk4	Réplica 3	general	0.07471264367816093	0.03792526491912995	0.050311601832617174	13	161	174	68	1725	1793
exomedepth	IDT-V2	bowtie2-samtools-gatk4	Réplica 3	pass	0.034482758620689655	0.09737827715355805	0.050930460333006855	6	168	174	26	241	267
exomedepth	IDT-V2	bowtie2-samtools-gatk4	Réplica 4	general	0.022813688212927757	0.015616285554935862	0.018540999889636905	6	257	263	28	1765	1793
exomedepth	IDT-V2	bowtie2-samtools-gatk4	Réplica 4	pass	0.011406844106463879	0.02247191011235955	0.015132408575031526	3	260	263	6	261	267
exomedepth	IDT-V2	minimap2-samtools-gatk4	Réplica 3	general	0.0821256038647343	0.05633017289459007	0.06682493967463221	17	190	207	101	1692	1793
exomedepth	IDT-V2	minimap2-samtools-gatk4	Réplica 3	pass	0.024154589371980676	0.0898876404494382	0.03807710613993336	5	202	207	24	243	267
exomedepth	IDT-V2	minimap2-samtools-gatk4	Réplica 4	general	0.038338658146964855	0.0384829894032348	0.03841068819149677	12	301	313	69	1724	1793
exomedepth	IDT-V2	minimap2-samtools-gatk4	Réplica 4	pass	0.012779552715654952	0.026217228464419477	0.01718318502608162	4	309	313	7	260	267
exomedepth	IDT-V1	bowtie2-picard-gatk3	Réplica 1	general	0.08759124087591241	0.04749478079331942	0.061592261485095466	24	250	274	91	1825	1916
exomedepth	IDT-V1	bowtie2-picard-gatk3	Réplica 1	pass	0.032846715328467155	0.09748427672955975	0.04913702007749208	9	265	274	31	287	318
exomedepth	IDT-V1	bowtie2-picard-gatk3	Réplica 2	general	0.09090909090909091	0.04697286012526096	0.061940812112869933	19	190	209	90	1826	1916
exomedepth	IDT-V1	bowtie2-picard-gatk3	Réplica 2	pass	0.028708133971291867	0.08176100628930817	0.04249523290656497	6	203	209	26	292	318
exomedepth	IDT-V1	bowtie2-samtools-gatk4	Réplica 2	general	0.11267605633802817	0.0511482254697286	0.070358072332406	24	189	213	98	1818	1916
exomedepth	IDT-V1	bowtie2-samtools-gatk4	Réplica 2	pass	0.03286384976525822	0.06918238993710692	0.04456018518518518	7	206	213	22	296	318
exomedepth	IDT-V1	bowtie2-samtools-gatk4	Réplica 1	general	0.08424908424908426	0.04645093945720251	0.05988444379433922	23	250	273	89	1827	1916
exomedepth	IDT-V1	bowtie2-samtools-gatk4	Réplica 1	pass	0.03296703296703297	0.09748427672955975	0.04927152317880795	9	264	273	31	287	318
exomedepth	IDT-V1	minimap2-samtools-gatk4	Réplica 2	general	0.10655737704918032	0.06732776617954071	0.08251734488018501	26	218	244	129	1787	1916
exomedepth	IDT-V1	minimap2-samtools-gatk4	Réplica 2	pass	0.03278688524590164	0.11320754716981132	0.05084745762711864	8	236	244	36	282	318
exomedepth	IDT-V1	minimap2-samtools-gatk4	Réplica 1	general	0.08940397350993377	0.07150313152400835	0.07945782226709341	27	275	302	137	1779	1916
exomedepth	IDT-V1	minimap2-samtools-gatk4	Réplica 1	pass	0.033112582781456956	0.12578616352201258	0.05242463958060289	10	292	302	40	278	318
exomedepth	ROCHE-V1	bowtie2-picard-gatk3	Réplica 5	general	0.08270676691729323	0.018364669873196328	0.030055622418111445	11	122	133	42	2245	2287
exomedepth	ROCHE-V1	bowtie2-picard-gatk3	Réplica 5	pass	0.05263157894736842	0.06948640483383686	0.05989583333333333	7	126	133	23	308	331
exomedepth	ROCHE-V1	bowtie2-samtools-gatk4	Réplica 5	general	0.08270676691729323	0.018364669873196328	0.030055622418111445	11	122	133	42	2245	2287
exomedepth	ROCHE-V1	bowtie2-samtools-gatk4	Réplica 5	pass	0.05263157894736842	0.06948640483383686	0.05989583333333333	7	126	133	23	308	331
exomedepth	ROCHE-V1	minimap2-samtools-gatk4	Réplica 5	general	0.12209302325581395	0.05115872321818977	0.07210459127525642	21	151	172	117	2170	2287
exomedepth	ROCHE-V1	minimap2-samtools-gatk4	Réplica 5	pass	0.046511627906976744	0.11782477341389729	0.06669516887558787	8	164	172	39	292	331
laconv	IDT-V2	bowtie2-picard-gatk3	Réplica 4	general	0.0007911079466793244	0.0384829894032348	0.0015503449236595555	40	50522	50562	69	1724	1793
laconv	IDT-V2	bowtie2-picard-gatk3	Réplica 4	pass	0.00025711008267078044	0.09363295880149813	0.0005128120165267479	13	50549	50562	25	242	267
laconv	IDT-V2	bowtie2-picard-gatk3	Réplica 3	general	0.0035460992907801418	0.006134969325153374	0.00449438202247191	7	1967	1974	11	1782	1793
laconv	IDT-V2	bowtie2-picard-gatk3	Réplica 3	pass	0.00303951367781155	0.033707865168539325	0.0055762081784386614	6	1968	1974	9	258	267
laconv	IDT-V2	bowtie2-samtools-gatk4	Réplica 3	general	0.0034791252485089465	0.006134969325153374	0.004440215667618142	7	2005	2012	11	1782	1793
laconv	IDT-V2	bowtie2-samtools-gatk4	Réplica 3	pass	0.002982107355864811	0.033707865168539325	0.005479452054794521	6	2006	2012	9	258	267
laconv	IDT-V2	bowtie2-samtools-gatk4	Réplica 4	general	0.0006748466257668712	0.03179029559397657	0.0013216374392273375	33	48867	48900	57	1736	1793
laconv	IDT-V2	bowtie2-samtools-gatk4	Réplica 4	pass	0.00022494887525562372	0.08614232209737828	0.0004487259641178855	11	48889	48900	23	244	267
laconv	IDT-V2	minimap2-samtools-gatk4	Réplica 3	general	0.00537371763556424	0.010596765197992191	0.007131158727992356	11	2036	2047	19	1774	1793
laconv	IDT-V2	minimap2-samtools-gatk4	Réplica 3	pass	0.0029311187103077674	0.033707865168539325	0.005393258426966292	6	2041	2047	9	258	267
laconv	IDT-V2	minimap2-samtools-gatk4	Réplica 4	general	0.0007881494654729907	0.03513664249860569	0.00154171670814305	39	49444	49483	63	1730	1793
laconv	IDT-V2	minimap2-samtools-gatk4	Réplica 4	pass	0.0002425075278378433	0.08614232209737828	0.0004836534763031701	12	49471	49483	23	244	267
laconv	IDT-V1	bowtie2-picard-gatk3	Réplica 1	general	0.019230769230769232	0.010960334029227558	0.01396276595744681	9	459	468	21	1895	1916
laconv	IDT-V1	bowtie2-picard-gatk3	Réplica 1	pass	0.010683760683760684	0.031446540880503145	0.015948963317384372	5	463	468	10	308	318
laconv	IDT-V1	bowtie2-picard-gatk3	Réplica 2	general	0.0071794871794871795	0.006263048016701462	0.00669002867155145	7	968	975	12	1904	1916
laconv	IDT-V1	bowtie2-picard-gatk3	Réplica 2	pass	0.0041025641025641026	0.0220125786163522	0.0069161417809065085	4	971	975	7	311	318
laconv	IDT-V1	bowtie2-samtools-gatk4	Réplica 2	general	0.007172131147540984	0.006263048016701462	0.006686833306798281	7	969	976	12	1904	1916
laconv	IDT-V1	bowtie2-samtools-gatk4	Réplica 2	pass	0.004098360655737705	0.0220125786163522	0.006910167818361303	4	972	976	7	311	318
laconv	IDT-V1	bowtie2-samtools-gatk4	Réplica 1	general	0.019189765458422176	0.010960334029227558	0.013951943306389105	9	460	469	21	1895	1916
laconv	IDT-V1	bowtie2-samtools-gatk4	Réplica 1	pass	0.010660980810234541	0.031446540880503145	0.01592356687898089	5	464	469	10	308	318
laconv	IDT-V1	minimap2-samtools-gatk4	Réplica 2	general	0.005847953216374269	0.0041753653444676405	0.0048721071863581	6	1020	1026	8	1908	1916
laconv	IDT-V1	minimap2-samtools-gatk4	Réplica 2	pass	0.0029239766081871343	0.009433962264150943	0.004464285714285714	3	1023	1026	3	315	318
laconv	IDT-V1	minimap2-samtools-gatk4	Réplica 1	general	0.014953271028037384	0.007828810020876827	0.01027705219886096	8	527	535	15	1901	1916
laconv	IDT-V1	minimap2-samtools-gatk4	Réplica 1	pass	0.009345794392523364	0.031446540880503145	0.014409221902017289	5	530	535	10	308	318
laconv	ROCHE-V1	bowtie2-picard-gatk3	Réplica 5	general	0.000988560937720661	0.00874508089199825	0.0017763228847483647	7	7074	7081	20	2267	2287
laconv	ROCHE-V1	bowtie2-picard-gatk3	Réplica 5	pass	0.0005648919644118063	0.01812688821752266	0.0010956402647797306	4	7077	7081	6	325	331
laconv	ROCHE-V1	bowtie2-samtools-gatk4	Réplica 5	general	0.0009877240016932412	0.00874508089199825	0.0017749716321498075	7	7080	7087	20	2267	2287
laconv	ROCHE-V1	bowtie2-samtools-gatk4	Réplica 5	pass	0.0005644137152532807	0.01812688821752266	0.0010947406833006434	4	7083	7087	6	325	331
laconv	ROCHE-V1	minimap2-samtools-gatk4	Réplica 5	general	0.0015120274914089348	0.011805859204197638	0.002680723163433853	11	7264	7275	27	2260	2287
laconv	ROCHE-V1	minimap2-samtools-gatk4	Réplica 5	pass	0.000549828178694158	0.01812688821752266	0.0010672833192511228	4	7271	7275	6	325	331
xhmm	IDT-V2	bowtie2-picard-gatk3	Réplica 4	general	0.1111111111111111	0.005577244841048522	0.010621348911311737	1	8	9	10	1783	1793
xhmm	IDT-V2	bowtie2-picard-gatk3	Réplica 4	pass	0.0	0.0	NaN	0	9	9	0	267	267
xhmm	IDT-V2	bowtie2-picard-gatk3	Réplica 3	general	0.15789473684210525	0.006692693809258227	0.01284109149277689	3	16	19	12	1781	1793
xhmm	IDT-V2	bowtie2-picard-gatk3	Réplica 3	pass	0.10526315789473684	0.04119850187265917	0.059219380888290714	2	17	19	11	256	267
xhmm	IDT-V2	bowtie2-samtools-gatk4	Réplica 3	general	0.15789473684210525	0.006692693809258227	0.01284109149277689	3	16	19	12	1781	1793
xhmm	IDT-V2	bowtie2-samtools-gatk4	Réplica 3	pass	0.10526315789473684	0.04119850187265917	0.059219380888290714	2	17	19	11	256	267
xhmm	IDT-V2	bowtie2-samtools-gatk4	Réplica 4	general	0.08333333333333333	0.005577244841048522	0.010454783063251438	1	11	12	10	1783	1793
xhmm	IDT-V2	bowtie2-samtools-gatk4	Réplica 4	pass	0.0	0.0	NaN	0	12	12	0	267	267
xhmm	IDT-V2	minimap2-samtools-gatk4	Réplica 3	general	0.15217391304347827	0.022308979364194088	0.038913209644916964	7	39	46	40	1753	1793
xhmm	IDT-V2	minimap2-samtools-gatk4	Réplica 3	pass	0.06521739130434782	0.04119850187265917	0.05049732211170619	3	43	46	11	256	267
xhmm	IDT-V2	minimap2-samtools-gatk4	Réplica 4	general	0.043478260869565216	0.005577244841048522	0.009886307464162135	1	22	23	10	1783	1793
xhmm	IDT-V2	minimap2-samtools-gatk4	Réplica 4	pass	0.0	0.0	NaN	0	23	23	0	267	267
xhmm	IDT-V1	bowtie2-picard-gatk3	Réplica 1	general	0.05263157894736842	0.016701461377870562	0.02535657686212361	4	72	76	32	1884	1916
xhmm	IDT-V1	bowtie2-picard-gatk3	Réplica 1	pass	0.039473684210526314	0.06289308176100629	0.04850444624090542	3	73	76	20	298	318
xhmm	IDT-V1	bowtie2-picard-gatk3	Réplica 2	general	0.06315789473684211	0.02139874739039666	0.03196673380547073	6	89	95	41	1875	1916
xhmm	IDT-V1	bowtie2-picard-gatk3	Réplica 2	pass	0.010526315789473684	0.031446540880503145	0.01577287066246057	1	94	95	10	308	318
xhmm	IDT-V1	bowtie2-samtools-gatk4	Réplica 2	general	0.06315789473684211	0.02139874739039666	0.03196673380547073	6	89	95	41	1875	1916
xhmm	IDT-V1	bowtie2-samtools-gatk4	Réplica 2	pass	0.010526315789473684	0.031446540880503145	0.01577287066246057	1	94	95	10	308	318
xhmm	IDT-V1	bowtie2-samtools-gatk4	Réplica 1	general	0.05263157894736842	0.016701461377870562	0.02535657686212361	4	72	76	32	1884	1916
xhmm	IDT-V1	bowtie2-samtools-gatk4	Réplica 1	pass	0.039473684210526314	0.06289308176100629	0.04850444624090542	3	73	76	20	298	318
xhmm	IDT-V1	minimap2-samtools-gatk4	Réplica 2	general	0.08333333333333333	0.037578288100208766	0.051798561151079135	10	110	120	72	1844	1916
xhmm	IDT-V1	minimap2-samtools-gatk4	Réplica 2	pass	0.016666666666666666	0.059748427672955975	0.02606310013717421	2	118	120	19	299	318
xhmm	IDT-V1	minimap2-samtools-gatk4	Réplica 1	general	0.09345794392523364	0.03444676409185804	0.05033940965601403	10	97	107	66	1850	1916
xhmm	IDT-V1	minimap2-samtools-gatk4	Réplica 1	pass	0.056074766355140186	0.11006289308176101	0.07429683353971342	6	101	107	35	283	318
xhmm	ROCHE-V1	bowtie2-picard-gatk3	Réplica 5	general	0.07142857142857142	0.00043725404459991256	0.0008691873098652759	1	13	14	1	2286	2287
xhmm	ROCHE-V1	bowtie2-picard-gatk3	Réplica 5	pass	0.07142857142857142	0.02416918429003021	0.03611738148984199	1	13	14	8	323	331
xhmm	ROCHE-V1	bowtie2-samtools-gatk4	Réplica 5	general	0.07142857142857142	0.00043725404459991256	0.0008691873098652759	1	13	14	1	2286	2287
xhmm	ROCHE-V1	bowtie2-samtools-gatk4	Réplica 5	pass	0.07142857142857142	0.02416918429003021	0.03611738148984199	1	13	14	8	323	331
xhmm	ROCHE-V1	minimap2-samtools-gatk4	Réplica 5	general	0.12903225806451613	0.00874508089199825	0.01638001638001638	4	27	31	20	2267	2287
xhmm	ROCHE-V1	minimap2-samtools-gatk4	Réplica 5	pass	0.06451612903225806	0.027190332326283987	0.03825717321997875	2	29	31	9	322	331
cnvkit	IDT-V2	bowtie2-picard-gatk3	Réplica 4	general	0.0	0.0	NaN	0	20	20	0	1793	1793
cnvkit	IDT-V2	bowtie2-picard-gatk3	Réplica 4	pass	0.0	0.0	NaN	0	20	20	0	267	267
cnvkit	IDT-V2	bowtie2-picard-gatk3	Réplica 3	general	0.09803921568627451	0.018962632459564976	0.03177867090382279	5	46	51	34	1759	1793
cnvkit	IDT-V2	bowtie2-picard-gatk3	Réplica 3	pass	0.0196078431372549	0.00749063670411985	0.01084010840108401	1	50	51	2	265	267
cnvkit	IDT-V2	bowtie2-samtools-gatk4	Réplica 3	general	0.10638297872340426	0.018962632459564976	0.0321878254283821	5	42	47	34	1759	1793
cnvkit	IDT-V2	bowtie2-samtools-gatk4	Réplica 3	pass	0.02127659574468085	0.00749063670411985	0.0110803324099723	1	46	47	2	265	267
cnvkit	IDT-V2	bowtie2-samtools-gatk4	Réplica 4	general	0.045454545454545456	0.005577244841048522	0.009935419771485345	1	21	22	10	1783	1793
cnvkit	IDT-V2	bowtie2-samtools-gatk4	Réplica 4	pass	0.0	0.0	NaN	0	22	22	0	267	267
cnvkit	IDT-V2	minimap2-samtools-gatk4	Réplica 3	general	0.09615384615384616	0.018962632459564976	0.031678002422435486	5	47	52	34	1759	1793
cnvkit	IDT-V2	minimap2-samtools-gatk4	Réplica 3	pass	0.019230769230769232	0.00749063670411985	0.01078167115902965	1	51	52	2	265	267
cnvkit	IDT-V2	minimap2-samtools-gatk4	Réplica 4	general	0.0	0.0	NaN	0	23	23	0	1793	1793
cnvkit	IDT-V2	minimap2-samtools-gatk4	Réplica 4	pass	0.0	0.0	NaN	0	23	23	0	267	267
cnvkit	IDT-V1	bowtie2-picard-gatk3	Réplica 1	general	0.0625	0.005219206680584551	0.009633911368015413	1	15	16	10	1906	1916
cnvkit	IDT-V1	bowtie2-picard-gatk3	Réplica 1	pass	0.0	0.0	NaN	0	16	16	0	318	318
cnvkit	IDT-V1	bowtie2-picard-gatk3	Réplica 2	general	0.13333333333333333	0.006784968684759917	0.01291283834119692	2	13	15	13	1903	1916
cnvkit	IDT-V1	bowtie2-picard-gatk3	Réplica 2	pass	0.06666666666666667	0.006289308176100629	0.01149425287356322	1	14	15	2	316	318
cnvkit	IDT-V1	bowtie2-samtools-gatk4	Réplica 2	general	0.16666666666666666	0.006784968684759917	0.013039117352056168	2	10	12	13	1903	1916
cnvkit	IDT-V1	bowtie2-samtools-gatk4	Réplica 2	pass	0.08333333333333333	0.006289308176100629	0.011695906432748539	1	11	12	2	316	318
cnvkit	IDT-V1	bowtie2-samtools-gatk4	Réplica 1	general	0.07692307692307693	0.005219206680584551	0.009775171065493646	1	12	13	10	1906	1916
cnvkit	IDT-V1	bowtie2-samtools-gatk4	Réplica 1	pass	0.0	0.0	NaN	0	13	13	0	318	318
cnvkit	IDT-V1	minimap2-samtools-gatk4	Réplica 2	general	0.18181818181818182	0.006784968684759917	0.013081761006289308	2	9	11	13	1903	1916
cnvkit	IDT-V1	minimap2-samtools-gatk4	Réplica 2	pass	0.09090909090909091	0.006289308176100629	0.011764705882352943	1	10	11	2	316	318
cnvkit	IDT-V1	minimap2-samtools-gatk4	Réplica 1	general	0.14285714285714285	0.010438413361169102	0.019455252918287938	2	12	14	20	1896	1916
cnvkit	IDT-V1	minimap2-samtools-gatk4	Réplica 1	pass	0.07142857142857142	0.031446540880503145	0.043668122270742356	1	13	14	10	308	318
cnvkit	ROCHE-V1	bowtie2-picard-gatk3	Réplica 5	general	0.2	0.0013117621337997377	0.0026064291920069507	1	4	5	3	2284	2287
cnvkit	ROCHE-V1	bowtie2-picard-gatk3	Réplica 5	pass	0.2	0.006042296072507553	0.011730205278592374	1	4	5	2	329	331
cnvkit	ROCHE-V1	bowtie2-samtools-gatk4	Réplica 5	general	0.0	0.0	NaN	0	4	4	0	2287	2287
cnvkit	ROCHE-V1	bowtie2-samtools-gatk4	Réplica 5	pass	0.0	0.0	NaN	0	4	4	0	331	331
cnvkit	ROCHE-V1	minimap2-samtools-gatk4	Réplica 5	general	0.0	0.0	NaN	0	6	6	0	2287	2287
cnvkit	ROCHE-V1	minimap2-samtools-gatk4	Réplica 5	pass	0.0	0.0	NaN	0	6	6	0	331	331
cnmops	IDT-V2	bowtie2-picard-gatk3	Réplica 4	general	0.013392857142857142	0.01505856107083101	0.01417694933053295	3	221	224	27	1766	1793
cnmops	IDT-V2	bowtie2-picard-gatk3	Réplica 4	pass	0.0	0.0	NaN	0	224	224	0	267	267
cnmops	IDT-V2	bowtie2-picard-gatk3	Réplica 3	general	0.13636363636363635	0.008365867261572783	0.015764582238570676	3	19	22	15	1778	1793
cnmops	IDT-V2	bowtie2-picard-gatk3	Réplica 3	pass	0.045454545454545456	0.00749063670411985	0.012861736334405146	1	21	22	2	265	267
cnmops	IDT-V2	bowtie2-samtools-gatk4	Réplica 3	general	0.10714285714285714	0.008365867261572783	0.015519917227108123	3	25	28	15	1778	1793
cnmops	IDT-V2	bowtie2-samtools-gatk4	Réplica 3	pass	0.03571428571428571	0.00749063670411985	0.01238390092879257	1	27	28	2	265	267
cnmops	IDT-V2	bowtie2-samtools-gatk4	Réplica 4	general	0.012396694214876033	0.016731734523145567	0.014241633040588656	3	239	242	30	1763	1793
cnmops	IDT-V2	bowtie2-samtools-gatk4	Réplica 4	pass	0.0	0.0	NaN	0	242	242	0	267	267
cnmops	IDT-V2	minimap2-samtools-gatk4	Réplica 3	general	0.0625	0.005577244841048522	0.010240655401945725	2	30	32	10	1783	1793
cnmops	IDT-V2	minimap2-samtools-gatk4	Réplica 3	pass	0.0	0.0	NaN	0	32	32	0	267	267
cnmops	IDT-V2	minimap2-samtools-gatk4	Réplica 4	general	0.013392857142857142	0.013385387618516454	0.013389121338912135	3	221	224	24	1769	1793
cnmops	IDT-V2	minimap2-samtools-gatk4	Réplica 4	pass	0.0	0.0	NaN	0	224	224	0	267	267
cnmops	IDT-V1	bowtie2-picard-gatk3	Réplica 1	general	0.03125	0.005219206680584551	0.008944543828264758	1	31	32	10	1906	1916
cnmops	IDT-V1	bowtie2-picard-gatk3	Réplica 1	pass	0.03125	0.031446540880503145	0.031347962382445145	1	31	32	10	308	318
cnmops	IDT-V1	bowtie2-picard-gatk3	Réplica 2	general	0.06896551724137931	0.008872651356993737	0.015722543352601155	2	27	29	17	1899	1916
cnmops	IDT-V1	bowtie2-picard-gatk3	Réplica 2	pass	0.06896551724137931	0.05660377358490566	0.0621761658031088	2	27	29	18	300	318
cnmops	IDT-V1	bowtie2-samtools-gatk4	Réplica 2	general	0.1	0.014091858037578288	0.024702653247941443	3	27	30	27	1889	1916
cnmops	IDT-V1	bowtie2-samtools-gatk4	Réplica 2	pass	0.06666666666666667	0.05660377358490566	0.061224489795918366	2	28	30	18	300	318
cnmops	IDT-V1	bowtie2-samtools-gatk4	Réplica 1	general	0.030303030303030304	0.005219206680584551	0.008904719501335707	1	32	33	10	1906	1916
cnmops	IDT-V1	bowtie2-samtools-gatk4	Réplica 1	pass	0.030303030303030304	0.031446540880503145	0.0308641975308642	1	32	33	10	308	318
cnmops	IDT-V1	minimap2-samtools-gatk4	Réplica 2	general	0.13157894736842105	0.017745302713987474	0.031272994849153794	5	33	38	34	1882	1916
cnmops	IDT-V1	minimap2-samtools-gatk4	Réplica 2	pass	0.07894736842105263	0.06289308176100629	0.07001166861143523	3	35	38	20	298	318
cnmops	IDT-V1	minimap2-samtools-gatk4	Réplica 1	general	0.14634146341463414	0.022964509394572025	0.03969924812030075	6	35	41	44	1872	1916
cnmops	IDT-V1	minimap2-samtools-gatk4	Réplica 1	pass	0.04878048780487805	0.03773584905660377	0.0425531914893617	2	39	41	12	306	318
cnmops	ROCHE-V1	bowtie2-picard-gatk3	Réplica 5	general	0.06818181818181818	0.009619588981198076	0.016860390854515264	3	41	44	22	2265	2287
cnmops	ROCHE-V1	bowtie2-picard-gatk3	Réplica 5	pass	0.045454545454545456	0.03625377643504532	0.040336134453781515	2	42	44	12	319	331
cnmops	ROCHE-V1	bowtie2-samtools-gatk4	Réplica 5	general	0.06818181818181818	0.009619588981198076	0.016860390854515264	3	41	44	22	2265	2287
cnmops	ROCHE-V1	bowtie2-samtools-gatk4	Réplica 5	pass	0.045454545454545456	0.03625377643504532	0.040336134453781515	2	42	44	12	319	331
cnmops	ROCHE-V1	minimap2-samtools-gatk4	Réplica 5	general	0.09803921568627451	0.014429383471797114	0.025156273822228997	5	46	51	33	2254	2287
cnmops	ROCHE-V1	minimap2-samtools-gatk4	Réplica 5	pass	0.0196078431372549	0.030211480362537766	0.023781212841854936	1	50	51	10	321	331
contra	IDT-V2	bowtie2-picard-gatk3	Réplica 4	general	0.004918032786885246	0.005577244841048522	0.005226936144263438	3	607	610	10	1783	1793
contra	IDT-V2	bowtie2-picard-gatk3	Réplica 4	pass	0.003278688524590164	0.011235955056179775	0.005076142131979695	2	608	610	3	264	267
contra	IDT-V2	bowtie2-picard-gatk3	Réplica 3	general	0.018617021276595744	0.008923591745677636	0.012064415360585987	7	369	376	16	1777	1793
contra	IDT-V2	bowtie2-picard-gatk3	Réplica 3	pass	0.010638297872340425	0.056179775280898875	0.017889087656529516	4	372	376	15	252	267
contra	IDT-V2	bowtie2-samtools-gatk4	Réplica 3	general	0.0196078431372549	0.008923591745677636	0.012265235722499043	7	350	357	16	1777	1793
contra	IDT-V2	bowtie2-samtools-gatk4	Réplica 3	pass	0.011204481792717087	0.056179775280898875	0.018682858477347034	4	353	357	15	252	267
contra	IDT-V2	bowtie2-samtools-gatk4	Réplica 4	general	0.006201550387596899	0.005577244841048522	0.005872852738217589	4	641	645	10	1783	1793
contra	IDT-V2	bowtie2-samtools-gatk4	Réplica 4	pass	0.0031007751937984496	0.011235955056179775	0.004860267314702309	2	643	645	3	264	267
contra	IDT-V2	minimap2-samtools-gatk4	Réplica 3	general	0.019444444444444445	0.008923591745677636	0.012233083938616131	7	353	360	16	1777	1793
contra	IDT-V2	minimap2-samtools-gatk4	Réplica 3	pass	0.011111111111111112	0.056179775280898875	0.01855287569573284	4	356	360	15	252	267
contra	IDT-V2	minimap2-samtools-gatk4	Réplica 4	general	0.00482315112540193	0.005577244841048522	0.0051728597292870085	3	619	622	10	1783	1793
contra	IDT-V2	minimap2-samtools-gatk4	Réplica 4	pass	0.003215434083601286	0.011235955056179775	0.005	2	620	622	3	264	267
contra	IDT-V1	bowtie2-picard-gatk3	Réplica 1	general	0.06578947368421052	0.006263048016701462	0.01143728555089592	5	71	76	12	1904	1916
contra	IDT-V1	bowtie2-picard-gatk3	Réplica 1	pass	0.02631578947368421	0.009433962264150943	0.01388888888888889	2	74	76	3	315	318
contra	IDT-V1	bowtie2-picard-gatk3	Réplica 2	general	0.0821917808219178	0.006784968684759917	0.012535154680594617	6	67	73	13	1903	1916
contra	IDT-V1	bowtie2-picard-gatk3	Réplica 2	pass	0.0273972602739726	0.009433962264150943	0.014035087719298248	2	71	73	3	315	318
contra	IDT-V1	bowtie2-samtools-gatk4	Réplica 2	general	0.08450704225352113	0.006784968684759917	0.012561397858120622	6	65	71	13	1903	1916
contra	IDT-V1	bowtie2-samtools-gatk4	Réplica 2	pass	0.028169014084507043	0.009433962264150943	0.014134275618374556	2	69	71	3	315	318
contra	IDT-V1	bowtie2-samtools-gatk4	Réplica 1	general	0.06493506493506493	0.006263048016701462	0.011424219345011423	5	72	77	12	1904	1916
contra	IDT-V1	bowtie2-samtools-gatk4	Réplica 1	pass	0.025974025974025976	0.009433962264150943	0.013840830449826988	2	75	77	3	315	318
contra	IDT-V1	minimap2-samtools-gatk4	Réplica 2	general	0.08450704225352113	0.006784968684759917	0.012561397858120622	6	65	71	13	1903	1916
contra	IDT-V1	minimap2-samtools-gatk4	Réplica 2	pass	0.028169014084507043	0.009433962264150943	0.014134275618374556	2	69	71	3	315	318
contra	IDT-V1	minimap2-samtools-gatk4	Réplica 1	general	0.07894736842105263	0.006784968684759917	0.012495994873438	6	70	76	13	1903	1916
contra	IDT-V1	minimap2-samtools-gatk4	Réplica 1	pass	0.02631578947368421	0.009433962264150943	0.01388888888888889	2	74	76	3	315	318
contra	ROCHE-V1	bowtie2-picard-gatk3	Réplica 5	general	0.03225806451612903	0.0021862702229995625	0.004095004095004095	4	120	124	5	2282	2287
contra	ROCHE-V1	bowtie2-picard-gatk3	Réplica 5	pass	0.008064516129032258	0.006042296072507553	0.0069084628670120895	1	123	124	2	329	331
contra	ROCHE-V1	bowtie2-samtools-gatk4	Réplica 5	general	0.031746031746031744	0.0021862702229995625	0.0040908161178155045	4	122	126	5	2282	2287
contra	ROCHE-V1	bowtie2-samtools-gatk4	Réplica 5	pass	0.007936507936507936	0.006042296072507553	0.00686106346483705	1	125	126	2	329	331
contra	ROCHE-V1	minimap2-samtools-gatk4	Réplica 5	general	0.03418803418803419	0.0021862702229995625	0.0041097297852666186	4	113	117	5	2282	2287
contra	ROCHE-V1	minimap2-samtools-gatk4	Réplica 5	pass	0.008547008547008548	0.006042296072507553	0.007079646017699116	1	116	117	2	329	331
manta	IDT-V2	bowtie2-picard-gatk3	Réplica 4	general	0.2608695652173913	0.015616285554935862	0.02946851429573759	24	68	92	28	1765	1793
manta	IDT-V2	bowtie2-picard-gatk3	Réplica 4	pass	0.14130434782608695	0.0599250936329588	0.08415941735787982	13	79	92	16	251	267
manta	IDT-V2	bowtie2-picard-gatk3	Réplica 3	general	0.21621621621621623	0.011712214166201896	0.022220752595727797	16	58	74	21	1772	1793
manta	IDT-V2	bowtie2-picard-gatk3	Réplica 3	pass	0.13513513513513514	0.04868913857677903	0.07158590308370044	10	64	74	13	254	267
manta	IDT-V2	bowtie2-samtools-gatk4	Réplica 3	general	0.2191780821917808	0.011712214166201896	0.02223619337546739	16	57	73	21	1772	1793
manta	IDT-V2	bowtie2-samtools-gatk4	Réplica 3	pass	0.1506849315068493	0.052434456928838954	0.07779742359181611	11	62	73	14	253	267
manta	IDT-V2	bowtie2-samtools-gatk4	Réplica 4	general	0.20175438596491227	0.01505856107083101	0.028025362727621454	23	91	114	27	1766	1793
manta	IDT-V2	bowtie2-samtools-gatk4	Réplica 4	pass	0.12280701754385964	0.0599250936329588	0.08054656598345919	14	100	114	16	251	267
manta	IDT-V2	minimap2-samtools-gatk4	Réplica 3	general	0.2523364485981308	0.018962632459564976	0.03527445291936445	27	80	107	34	1759	1793
manta	IDT-V2	minimap2-samtools-gatk4	Réplica 3	pass	0.1308411214953271	0.06367041198501873	0.08565772899046248	14	93	107	17	250	267
manta	IDT-V2	minimap2-samtools-gatk4	Réplica 4	general	0.19653179190751446	0.024539877300613498	0.04363169714469041	34	139	173	44	1749	1793
manta	IDT-V2	minimap2-samtools-gatk4	Réplica 4	pass	0.08670520231213873	0.06367041198501873	0.0734235531241002	15	158	173	17	250	267
manta	IDT-V1	bowtie2-picard-gatk3	Réplica 1	general	0.47058823529411764	0.020876826722338204	0.0399800099950025	24	27	51	40	1876	1916
manta	IDT-V1	bowtie2-picard-gatk3	Réplica 1	pass	0.3333333333333333	0.09119496855345911	0.14320987654320988	17	34	51	29	289	318
manta	IDT-V1	bowtie2-picard-gatk3	Réplica 2	general	0.5625	0.014091858037578288	0.027494908350305502	18	14	32	27	1889	1916
manta	IDT-V1	bowtie2-picard-gatk3	Réplica 2	pass	0.40625	0.05660377358490566	0.09936305732484077	13	19	32	18	300	318
manta	IDT-V1	bowtie2-samtools-gatk4	Réplica 2	general	0.5588235294117647	0.014613778705636743	0.02848270692793661	19	15	34	28	1888	1916
manta	IDT-V1	bowtie2-samtools-gatk4	Réplica 2	pass	0.4117647058823529	0.059748427672955975	0.10435464888191448	14	20	34	19	299	318
manta	IDT-V1	bowtie2-samtools-gatk4	Réplica 1	general	0.49019607843137253	0.021920668058455117	0.04196474961032733	25	26	51	42	1874	1916
manta	IDT-V1	bowtie2-samtools-gatk4	Réplica 1	pass	0.3333333333333333	0.09119496855345911	0.14320987654320988	17	34	51	29	289	318
manta	IDT-V1	minimap2-samtools-gatk4	Réplica 2	general	0.5217391304347826	0.022964509394572025	0.04399266788868522	36	33	69	44	1872	1916
manta	IDT-V1	minimap2-samtools-gatk4	Réplica 2	pass	0.2898550724637681	0.06918238993710692	0.11170347804011171	20	49	69	22	296	318
manta	IDT-V1	minimap2-samtools-gatk4	Réplica 1	general	0.47619047619047616	0.03288100208768267	0.061514426597666365	40	44	84	63	1853	1916
manta	IDT-V1	minimap2-samtools-gatk4	Réplica 1	pass	0.25	0.09748427672955975	0.1402714932126697	21	63	84	31	287	318
manta	ROCHE-V1	bowtie2-picard-gatk3	Réplica 5	general	0.391304347826087	0.005684302579798863	0.011205823197011782	9	14	23	13	2274	2287
manta	ROCHE-V1	bowtie2-picard-gatk3	Réplica 5	pass	0.17391304347826086	0.01812688821752266	0.03283173734610123	4	19	23	6	325	331
manta	ROCHE-V1	bowtie2-samtools-gatk4	Réplica 5	general	0.35	0.004809794490599038	0.009489186025016945	7	13	20	11	2276	2287
manta	ROCHE-V1	bowtie2-samtools-gatk4	Réplica 5	pass	0.2	0.01812688821752266	0.0332409972299169	4	16	20	6	325	331
manta	ROCHE-V1	minimap2-samtools-gatk4	Réplica 5	general	0.3787878787878788	0.012680367293397464	0.02453925434514038	25	41	66	29	2258	2287
manta	ROCHE-V1	minimap2-samtools-gatk4	Réplica 5	pass	0.21212121212121213	0.045317220543806644	0.07467994310099572	14	52	66	15	316	331
